<?xml version="1.0" encoding="UTF-8"?>
<!DOCTYPE mapper PUBLIC "-//mybatis.org//DTD Mapper 3.0//EN" "http://mybatis.org/dtd/mybatis-3-mapper.dtd">
<mapper namespace="auction">
	<select resultType="aucDTO" id="adminAll">
		select * from AUCTION order by AUCTIONID 
	</select>

	<select resultType="aucDTO" id="adminOne" parameterType="aucDTO">
		select * from AUCTION where AUCTIONID = #{auctionId} 
	</select>
	
	<select id="adminDel" parameterType="aucDTO">
		delete from AUCTION where AUCTIONID = #{auctionId} 
	</select>

	<insert id="aucCreate" parameterType="aucDTO">
		insert into AUCTION values (AUCTION_SEQ.NEXTVAL, #{memId}, #{auctionTitle}, #{languages}, #{region}, #{startTime}, #{endTime}, #{maxPrice}, #{theme}, #{requirement})
		<!-- #중괄호id중괄호는 getId 의미 -->
	</insert>
	
	<select id="aucDetail" parameterType="aucDTO" resultType="aucDTO">
		SELECT * FROM (select * from AUCTION where MEMID = #{memId} order by AUCTIONID DESC) WHERE ROWNUM = 1
	</select>
	
	<select id="readId" resultType="aucDTO">
		SELECT AUCTIONID FROM AUCTION WHERE ROWNUM = 1 ORDER BY AUCTIONID DESC
	</select>
	
 	<select id="aucList" resultType="aucDTO">
		select * from AUCTION ORDER BY AUCTIONID DESC
	</select>
	
	<select id="aucMyList" parameterType="aucDTO" resultType="aucDTO">
		select * from AUCTION where MEMID = #{memId} ORDER BY AUCTIONID DESC
	</select>
	
	<delete id="aucDel" parameterType="aucDTO">
		delete from AUCTION where AUCTIONID = #{auctionId}
	</delete>
	
	<update id="aucUp" parameterType="aucDTO">
		update AUCTION set AUCTIONTITLE = #{auctionTitle}, REGION = #{region}, STARTTIME = #{startTime}, ENDTIME = #{endTime}, MAXPRICE = #{maxPrice}, THEME = #{theme}, REQUIREMENT = #{requirement} where AUCTIONID = #{auctionId}
	</update>
	
</mapper>