<?xml version="1.0" encoding="UTF-8"?>
<!DOCTYPE mapper PUBLIC "-//mybatis.org//DTD Mapper 3.0//EN" "http://mybatis.org/dtd/mybatis-3-mapper.dtd">
<mapper namespace="bid">
	<select resultType="bidDTO" id="adminAll">
		select * from BIDTABLE where AUCTIONID = #{auctionId} order by BIDID 
	</select>

	<select id="adminDel" parameterType="bidDTO">
		delete from BIDTABLE where BIDID = #{bidId} 
	</select>
	
	<select id="adminAllDel" parameterType="bidDTO">
		delete from BIDTABLE where AUCTIONID = #{auctionId} 
	</select>

	<insert id="bidCreate" parameterType="bidDTO">
		insert into BIDTABLE values (BIDTABLE_SEQ.NEXTVAL, #{auctionId}, #{memId}, #{bidTitle}, #{languages}, #{bidPrice}, #{bidDetail})
		<!-- #중괄호id중괄호는 getId 의미 -->
	</insert>
	
	<select id="bidDetail" parameterType="bidDTO" resultType="bidDTO">
		SELECT * FROM (select * from BIDTABLE where MEMID = #{memId} order by BIDID DESC) WHERE ROWNUM = 1
	</select>
	
	<select id="readId" resultType="bidDTO">
		SELECT BIDID FROM BIDTABLE WHERE ROWNUM = 1 ORDER BY BIDID DESC
	</select>
	
 	<select id="bidList" parameterType="bidDTO" resultType="bidDTO">
		select * from BIDTABLE where AUCTIONID = #{auctionId} ORDER BY BIDID DESC
	</select>
	
	<select id="bidMyList" parameterType="bidDTO" resultType="bidDTO">
		select * from BIDTABLE where MEMID = #{memId} ORDER BY BIDID DESC
	</select>
	
	<delete id="bidDel" parameterType="bidDTO">
		delete from BIDTABLE where BIDID = #{bidId}
	</delete>
	
	<update id="bidUp" parameterType="bidDTO">
		update BIDTABLE set BIDTITLE = #{bidTitle}, BIDPRICE = #{bidPrice}, BIDDETAIL = #{bidDetail} where BIDID = #{bidId}
	</update>
	
</mapper>