<?xml version="1.0" encoding="UTF-8"?>
<!DOCTYPE mapper PUBLIC "-//mybatis.org//DTD Mapper 3.0//EN" "http://mybatis.org/dtd/mybatis-3-mapper.dtd">
<mapper namespace="pay">
<!-- 결제 성공 시 DB 추가 -->
	<insert id="create" parameterType="payDTO">
		insert into PAY values (PAY_SEQ.NEXTVAL,#{memId},#{productId},#{startTime},
		#{endTime},SYSDATE,#{payPrice},null,null,#{productName},#{memName},'0')
	</insert>
<!-- 가장 최근 결제 내역 정보 확인(결제 별 확인 페이지) -->
	<select id="readLatest" parameterType="payDTO" resultType="payDTO">
		SELECT *
		FROM (select * from PAY where MEMID = #{memId} order by PAYDATE DESC)
		WHERE ROWNUM = 1
	</select>	
<!-- 결제한 내역 정보 확인(결제 별 확인 페이지) -->
	<select id="readOne" parameterType="payDTO" resultType="payDTO">
		select * from PAY where PAYID = #{payId}
	</select>
<!-- 결제한 내역 정보 확인(진행 전 리스트) -->
	<select id="readAll" parameterType="payDTO" resultType="payDTO">
		select * from PAY 
		where MEMID = #{memId} 
			and FEE = '0'
			and STARTTIME > SYSDATE order by STARTTIME ASC
	</select>
<!-- 결제한 내역 정보 확인(진행 후 리스트) -->
	<select id="readAllDone" parameterType="payDTO" resultType="payDTO">
		select * from PAY
		where MEMID = #{memId} and SYSDATE > STARTTIME OR FEE = '1'
		order by STARTTIME DESC, PAYDATE DESC
	</select>
<!-- 별점 남기기 DB 업데이트 -->	
	<update id="rate" parameterType="payDTO">
		update PAY set RATE = #{rate} where PAYID = #{payId}
	</update>
<!-- 후기 남기기 DB 업데이트 -->	
	<update id="comment" parameterType="payDTO">
		update PAY set PAY."COMMENTS" = #{comment} where PAYID = #{payId}
	</update>
<!-- 결제 취소 시 DB 삭제 -->	
	<delete id="delete" parameterType="payDTO">
		delete from PAY where PAYID = #{payId}
	</delete>
<!-- 위약금 있는 결제 취소 시 DB 업데이트 (위약금여부, 결제금액) -->
	<update id="deleteLate" parameterType="payDTO">
		update PAY set PAYPRICE = #{payPrice}, FEE = '1', PAYDATE = SYSDATE
		where PAYID = #{payId}
	</update>
	<!-- 수진 -->
	<select id="adminAll" resultType="payDTO">
		select * from PAY order by PAYID
	</select>
	<select id="adminOne" parameterType="payDTO" resultType="payDTO">
		select * from PAY where PAYID = #{payId}
	</select>
	<select id="adminDel" parameterType="payDTO">
		delete from PAY where PAYID = #{payId}
	</select>
</mapper>