<?xml version="1.0" encoding="UTF-8"?>
<!DOCTYPE mapper PUBLIC "-//mybatis.org//DTD Mapper 3.0//EN" "http://mybatis.org/dtd/mybatis-3-mapper.dtd">
<mapper namespace="people">
	<select id="login" parameterType="ppDTO" resultType="ppDTO">
		select * from PEOPLE where MEMID = #{memId} and MEMPW = #{memPw}
	</select>
	<insert id="create" parameterType="ppDTO">
		insert into PEOPLE (MEMID, MEMPW, MEMNAME, BIRTHDAY, GENDER, EMAIL, TEL, ADDRESS, MEMLEVEL, LANGUAGES, MEMIMG) values (#{memId}, #{memPw}, #{memName}, #{birthday}, #{gender}, #{email}, #{tel}, #{address}, #{memLevel}, #{languages}, #{memImg})
	</insert>
	<select id="one" parameterType="ppDTO" resultType="ppDTO">
		select * from PEOPLE where MEMID = #{memId}
	</select>
	<select id="check" parameterType="ppDTO" resultType="ppDTO">
		select MEMID from PEOPLE where MEMID = #{memId}
	</select>
	<select id="findId" parameterType="ppDTO" resultType="ppDTO">
      select MEMID from PEOPLE where MEMNAME = #{memName} and TEL = #{tel}
    </select>
	<insert id="adminUpdate" parameterType="ppDTO">
		update PEOPLE set MEMPW=#{memPw}, MEMNAME=#{memName}, BIRTHDAY=#{birthday}, GENDER=#{gender}, EMAIL=#{email}, TEL=#{tel}, ADDRESS=#{address}, MEMLEVEL=#{memLevel}, LANGUAGES=#{languages}, MEMIMG=#{memImg} where MEMID = #{memId}
	</insert>
	<insert id="update" parameterType="ppDTO">
		update PEOPLE set MEMPW=#{memPw}, MEMNAME=#{memName}, BIRTHDAY=#{birthday}, EMAIL=#{email}, TEL=#{tel}, ADDRESS=#{address}, MEMLEVEL=#{memLevel}, LANGUAGES=#{languages}, MEMIMG=#{memImg} where MEMID = #{memId}
	</insert>
	<select id="delete" parameterType="ppDTO">
		delete from PEOPLE where MEMID = #{memId}
	</select>
	<select id="all" resultType="ppDTO">
		select * from PEOPLE order by MEMID
	</select>
	<select id="search" parameterType="ppDTO" resultType="ppDTO">
		select * from PEOPLE where MEMLEVEL = #{memLevel} order by MEMID
	</select>
	
	<!-- 승원 추가 -->
	<select id="infoRead" parameterType="ppDTO" resultType="ppDTO">
      SELECT MEMNAME, GENDER, LANGUAGES, MEMIMG from PEOPLE where MEMID = #{memId}
   </select>
	
</mapper>