<?xml version="1.0" encoding="UTF-8"?>
<!DOCTYPE mapper PUBLIC "-//mybatis.org//DTD Mapper 3.0//EN" "http://mybatis.org/dtd/mybatis-3-mapper.dtd">
<mapper namespace="product">
	<select resultType="proDTO" id="adminAll">
		select * from PRODUCT order by PRODUCTID 
	</select>

	<select resultType="proDTO" id="adminOne" parameterType="proDTO">
		select * from PRODUCT where PRODUCTID = #{productId} 
	</select>

	<select id="adminDel" parameterType="proDTO">
		delete from PRODUCT where PRODUCTID = #{productId} 
	</select>
	
	<select resultType="proDTO" id="travelerOne" parameterType="proDTO">
		select * from PRODUCT where PRODUCTID = #{productId} 
	</select>

	<insert id="proCreate" parameterType="proDTO">
		insert into PRODUCT values (PRODUCT_SEQ.NEXTVAL, #{memId}, #{memName}, #{languages}, #{productName}, #{dayOff}, #{normalPrice}, #{rushPrice}, #{region}, #{theme}, #{detail}, null)
	</insert>
	
 	<select id="proDetail" parameterType="proDTO" resultType="proDTO">
		SELECT * FROM (select * from PRODUCT where MEMID = #{memId} 
		order by PRODUCTID DESC) WHERE ROWNUM = 1
	</select>
	
	<select id="readId" resultType="proDTO">
		SELECT PRODUCTID FROM PRODUCT WHERE ROWNUM = 1 ORDER BY PRODUCTID DESC
	</select>
	
	<select id="proMyList" parameterType="proDTO" resultType="proDTO">
		select * from PRODUCT where MEMID = #{memId} ORDER BY PRODUCTID DESC
	</select>
	
	<delete id="proDel" parameterType="proDTO">
		delete from PRODUCT where PRODUCTID = #{productId}
	</delete>
	
	<update id="proUp" parameterType="proDTO">
		update PRODUCT set PRODUCTNAME = #{productName}, DAYOFF = #{dayOff}, NORMALPRICE = #{normalPrice}, RUSHPRICE = #{rushPrice}, REGION = #{region}, THEME = #{theme}, DETAIL = #{detail}, PRODUCTIMAGE = #{productImage} where PRODUCTID = #{productId}
	</update>
	
</mapper>