<?xml version="1.0" encoding="UTF-8"?>
<!DOCTYPE mapper PUBLIC "-//mybatis.org//DTD Mapper 3.0//EN" "http://mybatis.org/dtd/mybatis-3-mapper.dtd">
<mapper namespace="rec">
<!-- 다행only 액티비티 -->
	<select id="read" resultType="recDTO">
		select * from RECOMMEND where ONLY = '1' order by RATE DESC 
	</select>
<!-- 최다판매 액티비티 -->
	<select id="readBest" resultType="recDTO">
		<![CDATA[
		SELECT * 
		FROM (SELECT p2.PRODUCTID AS RECID, p3.PRODUCTID, p2.PRODUCTNAME, p2.MEMNAME, p3.SALES
				FROM PRODUCT p2, (SELECT p.PRODUCTID, COUNT(p.PRODUCTID) AS SALES from PAY p
								GROUP BY p.PRODUCTID ORDER BY SALES desc) p3
				WHERE p2.PRODUCTID = p3.PRODUCTID
				ORDER BY SALES DESC)
		WHERE ROWNUM <= 3
		]]>
	</select>
<!-- 최고평점 액티비티 -->
	<select id="readHigh" resultType="recDTO">
		<![CDATA[
		SELECT *
		FROM (SELECT p2.PRODUCTID AS RECID, p3.PRODUCTID, p2.PRODUCTNAME, p2.MEMNAME, p3.RATE
				FROM PRODUCT p2, (SELECT p.PRODUCTID, ROUND(AVG(p.RATE),1) AS RATE from PAY p
								GROUP BY p.PRODUCTID) p3
				WHERE p2.PRODUCTID = p3.PRODUCTID AND p3.RATE IS NOT Null
				ORDER BY RATE DESC)
		WHERE ROWNUM <= 3
		]]>
	</select>
<!-- 연령/성별 기반 액티비티 추천 -->
	<select id="readPopu" parameterType="recDTO" resultType="recDTO">
		SELECT * FROM RECOMMEND r 
		WHERE r.AGE LIKE '%'||#{age}||'%' AND r.GENDER LIKE '%'||#{gender}||'%'
	</select>
<!-- 구매내역 기반 액티비티 추천 -->
	<select id="readBuy" parameterType="payDTO" resultType="proDTO">
		SELECT REGION, THEME
		FROM (SELECT REGION, SUM(PROCOUNT) AS REGIONCOUNT
			FROM PRODUCT p, (SELECT PRODUCTID, COUNT(PRODUCTID) AS PROCOUNT FROM PAY p WHERE memId = #{memId} GROUP BY PRODUCTID) asd
			WHERE p.PRODUCTID = asd.PRODUCTID
			GROUP BY REGION ORDER BY REGIONCOUNT DESC) asdf,
			(SELECT THEME, SUM(PROCOUNT) AS THEMECOUNT
			FROM PRODUCT p, (SELECT PRODUCTID, COUNT(PRODUCTID) AS PROCOUNT FROM PAY p WHERE memId = #{memId} GROUP BY PRODUCTID) asd
			WHERE p.PRODUCTID = asd.PRODUCTID
			GROUP BY THEME ORDER BY THEMECOUNT DESC) asdfg
		WHERE ROWNUM = 1
	</select>
	
</mapper>