<?xml version="1.0" encoding="UTF-8"?>
<!DOCTYPE mapper PUBLIC "-//mybatis.org//DTD Mapper 3.0//EN" "http://mybatis.org/dtd/mybatis-3-mapper.dtd">
<mapper namespace="search">
	<select id="all" resultType="proDTO">
		select * from PRODUCT order by normalprice asc, rushprice
	</select>
	<select id="all3" resultType="proDTO">
		select * from PRODUCT order by normalprice desc, rushprice
	</select>
	
	<select id="se1" parameterType="proDTO" resultType="proDTO">
		select * from PRODUCT where (productname || region || languages || theme ||
		normalprice || rushprice || detail) like '%${productName}%'
		order by normalprice asc, rushprice
	</select>

	<select id="region1" parameterType="proDTO" resultType="proDTO">
		select * from PRODUCT where region like '%${region}%'
		order by normalprice asc, rushprice
	</select>

	<select id="theme1" parameterType="proDTO" resultType="proDTO">
		select * from PRODUCT where theme like '%${theme}%'
		order by normalprice asc, rushprice
	</select>


</mapper>