<?xml version="1.0" encoding="UTF-8"?>
<!DOCTYPE mapper PUBLIC "-//mybatis.org//DTD Mapper 3.0//EN" "http://mybatis.org/dtd/mybatis-3-mapper.dtd">
<mapper namespace="wish">
<!-- 위시리스트 등록 -->
	<insert id="create" parameterType="wishDTO">
		insert into WISHLIST(WISHID, MEMID, PRODUCTID) 
		values (WISH_SEQ.NEXTVAL,#{memId},#{productId})
	</insert>
<!-- 상품페이지에서 위시리스트 여부 확인 -->
	<select id="readOne" parameterType="proDTO" resultType="wishDTO">
		select * from WISHLIST where MEMID = #{memId} AND PRODUCTID = #{productId} 
	</select>
<!-- 전체 위시리스트 확인(페이지) 0 -->
	<select id="readAll" parameterType="wishDTO" resultType="wishDTO">
		SELECT w.WISHID, w.MEMID, w.PRODUCTID, p.PRODUCTNAME, p.MEMNAME, ROUND(RATE2,1) AS PRORATE 
		FROM WISHLIST w, PRODUCT p, (SELECT p2.PRODUCTID AS pro, AVG(p2.RATE) AS RATE2 FROM PAY p2 GROUP BY p2.PRODUCTID) asd
		WHERE w.MEMID = #{memId} AND w.PRODUCTID = p.PRODUCTID AND w.PRODUCTID = asd.pro
	</select>
<!-- 위시리스트 등록 삭제 0 -->
	<delete id="delete" parameterType="wishDTO">
		delete from WISHLIST where WISHID = #{wishId}
	</delete>
	<!-- 수진 -->
	<select id="adminAll" resultType="wishDTO">
		select * from WISHLIST order by MEMID
	</select>
	<select id="adminDel" parameterType="wishDTO">
		delete from WISHLIST where WISHID = #{wishId}
	</select>
</mapper>