<?xml version="1.0" encoding="UTF-8" ?>
<!DOCTYPE configuration
  PUBLIC "-//mybatis.org//DTD Config 3.0//EN"
  "http://mybatis.org/dtd/mybatis-3-config.dtd">
<configuration>
   <typeAliases>
       <typeAlias type="com.mega.dahaeng.PpDTO" alias="ppDTO"></typeAlias>
       <typeAlias type="com.mega.dahaeng.PayDTO" alias="payDTO"></typeAlias>
       <typeAlias type="com.mega.dahaeng.WishDTO" alias="wishDTO"></typeAlias>
       <typeAlias type="com.mega.dahaeng.RecDTO" alias="recDTO"></typeAlias>
       <typeAlias type="com.mega.dahaeng.ProDTO" alias="proDTO"></typeAlias>
       <typeAlias type="com.mega.dahaeng.BoardDTO" alias="bdDTO"></typeAlias>
       <typeAlias type="com.mega.dahaeng.AucDTO" alias="aucDTO"></typeAlias>
       <typeAlias type="com.mega.dahaeng.BidDTO" alias="bidDTO"></typeAlias>
       <typeAlias type="com.mega.dahaeng.BoardDTO" alias="boarddDTO"></typeAlias>
       <!-- <typeAlias type="com.mega.dahaeng.CMTDTO" alias="cmtDTO"></typeAlias> -->
   </typeAliases>
   <mappers>
       <mapper resource="mapper/ppMapper.xml" />
       <mapper resource="mapper/payMapper.xml" />
       <mapper resource="mapper/wishMapper.xml" />
	   <mapper resource="mapper/recMapper.xml" />
       <mapper resource="mapper/proMapper.xml" />
       <mapper resource="mapper/aucMapper.xml" />
       <mapper resource="mapper/bidMapper.xml" />
       <mapper resource="mapper/boardMapper.xml" />
       <mapper resource="mapper/cmtMapper.xml" />
       <mapper resource="mapper/seMapper.xml" />
       <mapper resource="mapper/soldMapper.xml" />
   </mappers>
</configuration>
