<?xml version="1.0" encoding="UTF-8"?>
<beans xmlns="http://www.springframework.org/schema/beans"
	xmlns:xsi="http://www.w3.org/2001/XMLSchema-instance"
	xsi:schemaLocation="http://www.springframework.org/schema/beans http://www.springframework.org/schema/beans/spring-beans.xsd">

<!-- sgml-html(web)-xml -->
<!-- 스프링 시작할 때 싱글톤 객체를 만들어 달라고 정의하는파일: context파일 -->

	<!-- 1.dbcp를 생성해서, 2.config에 끼우고, 3.mybatis에 config를 끼워서 myBatis를 만든다. -->

	<!-- dbcp -->
	<!-- BasicDateSource dbcp = new BasicDateSource(); -->
	<bean id="dbcp" class="org.apache.commons.dbcp.BasicDataSource"> <!-- 기본 생성자를 제공해서 에러 없이 사용 가능 -->
		<!-- db connection pool을 만들기 위해, driver, url, user, pw -->
		<!-- property태그는 각 변수의 set메서드를 호출해서 값을 넣어준다. 변수 자동완성으로 -->
		<!-- dbcp.setUrl("~~~"); -->
		<property name="driverClassName" value="oracle.jdbc.OracleDriver"></property>
		<property name="url" value="jdbc:oracle:thin:@localhost:1521:xe"></property>
		<property name="username" value="root"></property>
		<property name="password" value="1234"></property>
	</bean>
	
	<!-- myBatis와 관련된 설정이 많아서, 설정만 따로 해주는 클래스의 객체 -->
	<bean id="config" class="org.mybatis.spring.SqlSessionFactoryBean">
		<property name="configLocation" value="classpath:mybatis-config.xml"></property>
		<property name="dataSource" ref="dbcp"></property>
	</bean>
	
	<!-- mybatis -->
	<!-- SqlSessionTemplate myBatis = new SqlSessionTemplate(config); -->
	<bean id="mybatis" class="org.mybatis.spring.SqlSessionTemplate"> <!-- 기본 생성자를 제공하지 않아 에러 발생 -->
		<!-- 객체 생성시 파라메터 있는 생성자를 호출하는 경우에는 constructor-arg태그를 넣어줘야 한다. -->
		<!-- Constructor-arg 태그 내에 파라메터 값을 넣어줌. -->
		<constructor-arg ref="config"></constructor-arg>
	</bean>
	
	<bean id="multipartResolver" class="org.springframework.web.multipart.commons.CommonsMultipartResolver">
	    <!--  파일업로드 용량 (10MB)-->
	    <property name="maxUploadSize" value="10485760"/>
	    <property name="defaultEncoding" value="UTF-8" />
  	</bean>
  
	<!--  파일업로드 디렉토리 설정 -->
	<bean id="uploadPath" class="java.lang.String">
	  <constructor-arg value="[프로젝트 내 폴더, 절대경로로 설정]"/>
	</bean>

</beans>
